{"cameraMode":{"drawMode":0,"name":"Shaded","section":"Shading Mode"},"sceneLighting":false,"audioPlay":false,"sceneViewState":{"m_AlwaysRefresh":false,"showFog":true,"showSkybox":false,"showFlares":true,"showImageEffects":true,"showParticleSystems":true,"showVisualEffectGraphs":true,"m_FxEnabled":true},"in2DMode":false,"pivot":{"x":5.798978805541992,"y":24.657400131225587,"z":-13.425436019897461},"rotation":{"x":0.05314193293452263,"y":-0.7030004858970642,"z":0.052824169397354129,"w":0.7072311639785767},"size":7.265387535095215,"orthographic":true}