{"cameraMode":{"drawMode":0,"name":"Shaded","section":"Shading Mode"},"sceneLighting":false,"audioPlay":false,"sceneViewState":{"m_AlwaysRefresh":false,"showFog":true,"showSkybox":false,"showFlares":true,"showImageEffects":true,"showParticleSystems":true,"showVisualEffectGraphs":true,"m_FxEnabled":true},"in2DMode":false,"pivot":{"x":-0.03232288360595703,"y":2.0671725273132326,"z":0.07202434539794922},"rotation":{"x":0.660057783126831,"y":-0.002253561979159713,"z":0.0019801557064056398,"w":0.7512103915214539},"size":4.073700428009033,"orthographic":false}